{
  "xgboost": {
    "n_estimators": 175,
    "max_depth": 6,
    "learning_rate": 0.08960785365368121
  },
  "random_forest": {
    "n_estimators": 104,
    "max_depth": 20,
    "min_samples_split": 8
  },
  "lightgbm": {
    "n_estimators": 490,
    "max_depth": 8,
    "learning_rate": 0.1974972566020227,
    "num_leaves": 46,
    "subsample": 0.8722689024299372,
    "colsample_bytree": 0.6016900496982359
  }
}